UID,image,social_image,title,speaker,lang,abstract,bio,topic,video_url,chat_url
1,static/images/speakers/agust√≠n_herranz.png,static/images/speakers/agust√≠n_herranz_social.png,"sudo pip install = üí©, pipx = üëå",Agust√≠n Herranz Cecilia,,"Usar 'sudo pip install' siempre es mala idea, m√°s a√∫n si lo que queremos es instalar aplicaciones Python en nuestro ordenador. Te contar√© como funcionan las dependencias en Python. Por qu√© es mala idea instalar cosas dentro del Python del sistema, en el entorno de tu propio usuario. Qu√© son y por que es mejor usar virtualenvs. Y de como puedes despreocuparte de lo anterior usando pipx.","Tambi√©n conocido como tinproject, Agust√≠n es Ingeniero T√©cnico en Telecomunicaci√≥n, segoviano, y un enamorado de Python. 
Actualmente va saltando entre Dev y Ops, gestionando infraestructuras y dando forma a plataformas, todo para facilitar que la gente se centre en aportar valor de manera continua.",Python Tooling,Ay0dRxfduB0,https://comunidad.es.python.org/t/sudo-pip-install-pipx-ok/363/1
2,static/images/speakers/aitor_gastaminza_victoriano_giralt_ram√≥n_mart√≠nez.jpeg,static/images/speakers/aitor_gastaminza_victoriano_giralt_ram√≥n_mart√≠nez_social.png,Robots PCR Covidwarriors,Aitor Gastaminza / Alex Gasulla / Victoriano Giralt / Ram√≥n Mart√≠nez / Ernesto S√°nchez,,"En Febrero se forma COVIDWarriors y proponen traer robots a Espa√±a para ayudar a hacer PCRs. Primero se dibujan los esquemas de proceso, abrir un GitHub y parametrizar los reservorios que se usar√°n en cada laboratorio. Se desarrollan funciones para pipetear los reactivos, se crean clases para guardar informaci√≥n de los reactivos y se programan las rutinas. Se realiza una primera versi√≥n de plataforma en excel y l√≠nea de comandos que permite registrar las muestras y asegurar la trazabilidad. Posteriormente, se realiza una segunda versi√≥n en plataforma Django que adem√°s permite comunicarse con el robot usando la librer√≠a ""requests"".","COVIDWarriors: es una organizaci√≥n sin √°nimo de lucro formada gracias al fil√°ntropo y consultor Andreu Ve√† cuando vio que la pandemia se nos echaba encima all√° por Febrero y se puso manos a la obra para intentar ayudar a la sociedad a paliar los efectos del SARS-CoV-2. Aglutina a todo un equipo de m√°s de 400 personas adem√°s de haber permitido que la semilla de COVIDWarriors germinara, la cual tiene muchas otras iniciativas.

Aitor Gastaminza: soy un ingeniero de 27 a√±os que se le ocurri√≥ empezar a estudiar python hace 2 a√±os mientras estaba en Australia en un laboratorio de investigaci√≥n electroqu√≠mica. Siempre me hab√≠an gustado los coches y quer√≠a trabajar en ello, pero sin saber c√≥mo he trabajado en todo tipo de sectores excepto en el automovil√≠stico.

Alex Gasulla: Alex lleva muchos a√±os trabajando en sistemas LIMS en hospitales y ayudando a empresas en el desarrollo de herramientas internas as√≠ como webs y ecommerce.

Victoriano Giralt: Director de innovaci√≥n de la universidad de M√°laga estudi√≥ Medicina all√° por los 80 pero entonces descubri√≥ la tecnolog√≠a e internet. Lleva programando en Python desde los 90.

Ram√≥n Mart√≠nez: se dedica a la consultor√≠a tecnol√≥gica, blockchain y seguridad, adem√°s de desarrollar un sinf√≠n de proyectos (cada d√≠a nos sorprende con algo nuevo). Cuando hizo la mili estuvo en el departamento de desarrollo tecnol√≥gico.

Ernesto S√°nchez: nuestro peque√±o aragon√©s se dedica como Ram√≥n a la consultor√≠a en seguridad tecnol√≥gica, pero tambi√©n es radioaficionado y es un must en los debates para poner la gente a trabajar.","Comunidad, sociedad y cultura",Dq40F-cIVKI,https://comunidad.es.python.org/t/robots-pcr-covidwarriors/376/1
3,static/images/speakers/ana_esteban_guti√©rrez.jpg,static/images/speakers/ana_esteban_guti√©rrez_social.png,Python en el universo de las lentes gravitatorias: c√≥mo estudiar el efecto microlente,Ana Esteban Guti√©rrez,,"En el mundo de la Astrof√≠sica, necesitamos continuamente lenguajes de programaci√≥n para poder recrear nuestras simulaciones o para analizar datos de observaciones.
En mi campo, utilizo Python diariamente para simular, analizar y comparar mapas de magnificaci√≥n de microlensing en cu√°sares para poder estudiar las propiedades de la materia oscura o el movimiento de galaxias. A partir de modelos matem√°ticos y estad√≠stica, obtenemos resultados que luego se comparar√°n con datos observacionales sacados a partir de aquellos sistemas que presenten el efecto lente gravitatoria.","Mi nombre es Ana Esteban Guti√©rrez, tengo 26 a√±os y nac√≠ y crec√≠ en Santa Cruz de Tenerife. Empec√© estudiando el Grado en F√≠sica por la Universidad de La Laguna, para luego elegir el M√°ster de Astrof√≠sica impartido tambi√©n en la misma universidad. Actualmente me encuentro en el Instituto de Astrof√≠sica de Canarias realizando mi tesis doctoral en el campo de la Cosmolog√≠a. En concreto, trabajo intentando desentra√±ar los misterios de la materia oscura y de la evoluci√≥n de nuestro universo, todo ello a partir del efecto de lente gravitatoria.",Computaci√≥n cient√≠fica,elAt6b7wpFc,https://comunidad.es.python.org/t/python-en-el-universo-de-las-lentes-gravitatorias-como-estudiar-el-efecto-microlente/368/1
4,static/images/speakers/andrea_morales_miguel_l√≥pez.png,static/images/speakers/andrea_morales_miguel_l√≥pez_social.png,EDA and NLP basics: Exploring the innards of the Spanish poetry,Andrea Morales Garz√≥n / Miguel L√≥pez P√©rez,,"¬øEres un amante de la visualizaci√≥n de datos? ¬øY del Procesamiento del Lenguaje Natural (NLP)? ¬øY de la poes√≠a? Pues est√°s de suerte. Con esta charla, queremos mostrar los pasos b√°sicos a seguir para resolver un problema de procesamiento de lenguaje natural, que pueden ser aplicados en cualquier problema de esta √°rea con tanto por explorar. Abordaremos tareas cl√°sicas de NLP, como el an√°lisis de sentimientos, b√∫squedas de similitud en los propios datos y algunas visualizaciones del vocabulario.","Andrea Morales se gradu√≥ en Ingenier√≠a Inform√°tica, y realiz√≥ el M√°ster en Ingenier√≠a Inform√°tica, ambos por la Universidad de Granada. Es investigadora contratada en el Proyecto Europeo H2020 Stance4Health, que persigue la creaci√≥n de un servicio de nutrici√≥n personalizada centrado en el uso de tecnolog√≠as m√≥viles e Inteligencia Artificial. Est√° interesada en el uso de modelos predictivos para la comprensi√≥n del lenguaje.

Miguel L√≥pez realiz√≥ el Grado en Matem√°ticas en la UGR (2017). Luego, realiz√≥ un Master en Ciencia de Datos en la misma universidad (2018). Actualmente, se encuentra terminando su segundo a√±o de doctorado en clasificaci√≥n autom√°tica de im√°genes de c√°ncer. Muy interesado en el aprendizaje autom√°tico y la modelizaci√≥n bayesiana aplicados en distintos campos.","Ciencia de datos, Machine Learning e IA",0C96vAa9NHY,https://comunidad.es.python.org/t/eda-and-nlp-basics-exploring-the-innards-of-the-spanish-poetry/369/1
5,static/images/speakers/andros_fenollosa.jpg,static/images/speakers/andros_fenollosa_social.png,Introducci√≥n a la programaci√≥n Funcional en Python,Andros Fenollosa Hurtado,,"""Ya se objetos, ¬øpara que usar programaci√≥n funcional?"" Si lees el t√≠tulo y pasa esta frase por tu cabeza... ¬°necesitas urgentemente ver esta charla! Aprovechar√© la plasticidad de Python para dar una breve explicaci√≥n de que es la programaci√≥n funcional, adem√°s de listar sus diferencias respecto al paradigma orientado a objetos, ense√±ar sus superpoderes, algunos ejemplos reales y ver otros lenguajes que pueden ayudarte a mejorar como desarrollador.","Fullstack, docente durante ya casi una d√©cada, Project Manager en su propio estudio de APPs, colaborador en el Podcast ""Rep√∫blica Web"", bloguero incansable y locamente enamorado del software libre en todos los estratos del alma humana manteniendo varios proyectos.",Python Core,iRGHfE4rEuQ,https://comunidad.es.python.org/t/introduccion-a-la-programacion-funcional-en-python/374/1
6,static/images/speakers/antonia_tugores_biel_frontera_jaume_perello.jpg,static/images/speakers/antonia_tugores_biel_frontera_jaume_perello_social.png,COVID19Gram: seguimiento de la evoluci√≥n del coronavirus desde telegram,Ant√≤nia Tugores / Biel Frontera Borrueco / Jaume Perell√≥ Perell√≥,,"Presentamos un proyecto 100% Python desarrollado durante el confinamiento del mes de marzo y que han llegado a utilizar m√°s de 1.000 usuarios de Telegram: un bot para seguir la evoluci√≥n de la pandemia del coronavirus. El bot accede a diferentes fuentes de datos para ofrecer gr√°ficas de la evoluci√≥n epidemiol√≥gica a nivel mundial por pa√≠ses, a nivel espa√±ol por comunidades aut√≥nomas, a nivel italiano por regiones y a nivel franc√©s por departamentos.","Ant√≤nia ha sido programadora de videojuegos, de software de computaci√≥n distribuida y ahora es especialista de datos en un centro de investigaci√≥n.

Biel ha sido programador en sector bancario y el de la admin. p√∫blica y ahora es programador web especializado en visualizaci√≥n de datos en un centro oceanogr√°fico.

Jaume ha sido profesor de secundaria y es dise√±ador gr√°fico. Actualmente cuida de su familia y se entretiene creando bots.
","Comunidad, sociedad y cultura",p0lav_dPSxE,https://comunidad.es.python.org/t/covid19gram-seguimiento-de-la-evolucion-del-coronavirus-desde-telegram/356/2
7,static/images/speakers/antonio_soto.jpg,static/images/speakers/antonio_soto_social.png,Interpretabilidad de Modelos de Machine Learning con Python,Antonio Jos√© Soto Rodriguez,,"Todav√≠a a d√≠a de hoy es bastante com√∫n encontrarse con clientes o colegas que perciben los modelos de Machine Learning como una caja negra capaz de realizar magia o alquimia para darle al cliente lo que quiere. Sin embargo, la cruda realidad es que sin una comprensi√≥n razonable de como funcionan los modelos de ML, los proyectos del mundo real rara vez tienen √©xito. Teniendo en cuenta que cualquier proyecto de este estilo tiene un componente de negocio muy relevante y que el objetivo final de estos modelos es que tomen decisiones de forma autom√°tica por los usuarios, estos tienen el derecho de plantear preguntas como ‚Äú¬øC√≥mo puedo confiar en este modelo?‚Äù o ‚Äú¬øC√≥mo toma las decisiones el modelo?‚Äù Responder a estas preguntas puede convertirse en todo un reto y es una de las √°reas donde se est√° invirtiendo m√°s esfuerzos hoy en d√≠a.","Soy Antonio Soto, llevo m√°s de 20 a√±os dedicado al mundo del an√°lisis de datos, desde los primeros sistemas Data Warehouse, hasta el desarrollo de soluciones integradas con Inteligencia Artificial de hoy en d√≠a, pasando por todos los puntos intermedios. Me he tocado viajar por el mundo dise√±ando sistemas y soluciones enfocadas a la toma de decisiones en todos los sectores y en empresas de diferentes tama√±os.","Ciencia de datos, Machine Learning e IA",CoghIHdAMSM,https://comunidad.es.python.org/t/interpretabilidad-de-modelos-de-machine-learning-con-python/365/1
8,static/images/speakers/davide_fiocco.png,static/images/speakers/davide_fiocco_social.png,Machine learning model serving with streamlit and FastAPI,Davide Fiocco,en,"Python provides sophisticated frameworks to develop machine learning models that can perform a variety of useful tasks.
To put those models to good use, one frequently needs to encapsulate them in web applications, so to make them available to human users and other applications.
I will show how a dockerized web application serving a ML model can be coded in pure Python, building its frontend with the streamlit library and the backend with the FastAPI library (no Javascript, no HTML/CSS needed!).","Currently I am working as senior data scientist at Frontiers (https://www.frontiersin.org/) in Madrid. There, I develop and help bring to production machine learning algorithms consuming scientific text and images, with the ultimate goal of facilitating the publication of high quality scientific content.
I contribute to Python open source projects as @davidefiocco on GitHub and I started blogging Python things on https://davidefiocco.github.io/. I also overuse my Twitter handle @monodavide.","Ciencia de datos, Machine Learning e IA",IvHCxycjeR0,https://comunidad.es.python.org/t/machine-learning-model-serving-with-streamlit-and-fastapi/375/1
9,static/images/speakers/gajendra_deshpande.jpg,static/images/speakers/gajendra_deshpande_social.png,Investigating Digital Crimes using Python,Gajendra Deshpande,en,"A recent study by the CheckPoint Research has recorded over 1,50,000 cyber-attacks every week during the COVID-19 pandemic. There has been an increase of 30% in cyber-attacks compared to previous weeks. Cyber forensics is a field that deals with the investigation of digital crimes by analyzing, examining, identifying, and recovering digital evidence from electronic devices and producing them in the court of law. In this talk, we will learn to use Python for the investigation of digital crimes.","I have delivered talks at SciPy India, PyCon FR/HK/TW/KR/AU/Africa, EuroPython, COSCUP Taiwan, BuzzConf Argentina, PiterPy Russia, and JuliaCon. I use Python extensively for teaching and research. My major work includes using Python to develop prototypes in the field of Cyber Security. I lead PyData Belagavi and OWASP Belagavi chapters. I love to mentor students and volunteer at Free and Open Source events.",Redes y Seguridad,0Jt-xm7kC2Y,https://comunidad.es.python.org/t/investigating-digital-crimes-using-python/372/1
10,static/images/speakers/jordi_contest√≠.png,static/images/speakers/jordi_contest√≠_social.png,Tipificaci√≥n est√°tica en Python 3.9,Jordi Contest√≠,,"Aunque Python es un lenguaje con tipificaci√≥n din√°mica, desde hace tiempo tenemos la posibilidad de utilizar tipificaci√≥n est√°tica de forma opcional. De esta forma, en la futura versi√≥n 3.9 las funcionalidades asociadas a la tipificaci√≥n est√°tica van a ampliarse. En esta charla explicaremos qu√© nos ofrecer√° la tipificaci√≥n est√°tica al completo en la versi√≥n 3.9 mediante ejemplos de c√≥digo, daremos recomendaciones sobre su uso y veremos estrategias para introducirla en nuestro c√≥digo.","Ingeniero en Inform√°tica, M√°ster en Business Intelligence y Big Data y actualmente Head of Data en Habitissimo.",Python Core,2vYOxbd2ioc,https://comunidad.es.python.org/t/tipificacion-estatica-en-python-3-9/367/1
11,static/images/speakers/manuel_garrido_pe√±a.png,static/images/speakers/manuel_garrido_pe√±a_social.png,AutoML (Machine Learning para Vagos),Manuel Garrido Pe√±a,,"En esta charla vamos a hacer una introduccion a un aspecto del proceso de Data Science que esta experimentando un crecimiento muy r√°pido en los ultimos a√±os, AutoML, que consiste en el conjunto de aplicaciones que nos ayudan a automatizar las partes m√°s tediosas del desarrollo de modelos predictivos, como seleccion de modelos u optimization de hiperparametros.¬†","Lead Data Architect en Daltix, ha gestionado proyectos Data Science para diferentes empresas internacionales como FlightClub, Scrapinghub, Namely y NBC Universal Inc. entre otros. Es profesor en varias instituciones acad√©micas y escribe en su blog personal.","Ciencia de datos, Machine Learning e IA",1gLM-cM_XJ8,https://comunidad.es.python.org/t/automl-machine-learning-para-vagos/373/1
12,"static/images/speakers/mar_bartolome.png
",static/images/speakers/mar_bartolome_social.png,Hiring demystified,Mar Bartolom√©,en,"It's not secret that the hardest problems in computer science are cache invalidation and naming things... oh, and hiring.

In our industry we've developed a culture and a mysticism around hiring, with certain rituals and practices which are often so detached from 
reality that you see numerous jokes and memes about the subject.

Hiring is a difficult problem, yet important to get right. Many developers are faced with the challenge of hiring other team members, without much clue into how to proceed, and end up just copying the well known rituals without stopping to analyse their effectiveness or implications. Often, this results in hindering both companies and candidates, especially those of under represented demographics.

In this talk I'll share my experiences and personal opinions both as a candidate and as an interviewer, analyze the implications of popular hiring tactics, and discuss what I consider effective ones, in order to hire the right developers for your team with minimum hassle for both sides.","Software Engineer and fulltime geek. I've been working as a web developer for more than a decade, much of which has involved writing python code for startups in both M√°laga and London. A big proponent of free software, and pragmatic development practices. I blog and podcast at coconauts.net about fun technology experiments and personal projects.","Comunidad, sociedad y cultura",UBLTaQ_tRl4,https://comunidad.es.python.org/t/hiring-demystified/371/1
13,static/images/speakers/miguel_angel_rico_blanco.jpg,static/images/speakers/miguel_angel_rico_blanco_social.png,Videojuegos con Python Arcade,Miguel √Ångel Rico Blanco,,"Python Arcade es una librer√≠a para el desarrollo f√°cil de videojuegos 2D en python. Veremos la instalaci√≥n de esta librer√≠a, el pintado de objetos en pantalla y el bucle principal de arcade Python, incluida la entrada de usuario y de los assets gr√°ficos y de sonido. Veremos algunos ejemplos tanto en 2D como en vista isom√©trica.Como ninguno somos artistas necesitaremos de assets gr√°ficos de calidad (kenney.nl) y un programa de dise√±o para el mapa (mapeditor.org).","Python Developer en rindus. Ingeniero Inform√°tico por la Universidad de M√°laga. Empez√≥ jugando con su MSX y cuando, un viernes noche de mediados de los 80's, vio la pel√≠cula ""Juegos de guerra"" descubri√≥ que quer√≠a hacer programas de ordenador y empez√≥ al d√≠a siguiente por la ma√±ana, todav√≠a sigue. Backender obligado por su nulo sentido de la est√©tica y desde el 2012 especializado en Python y Django.",Videojuegos y Dise√±o,8kRgYh2lgTo,https://comunidad.es.python.org/t/videojuegos-con-python-arcade/366/1
14,static/images/speakers/naomi_ceder.png,static/images/speakers/naomi_ceder_social.png,Una rebanada de Python,Naomi Ceder,,"En Python hay muchos tipos de secuencia - listas, tuplas, cadenas, etc., y una caract√©ristica poderosa de ellos es el uso de rebanadas 
(slices). Pero aunque son poderosas, su verdadera car√°cter no es bien conocida. 

Despu√©s de una breve explicaci√≥n de la notaci√≥n de rebanadas y de varios trucos para manipular las secuencias con ellas, vamos a hacer algunos experimentos para entender qu√© son en realidad las rebanadas y c√≥mo funcionan en Python.","Naomi Ceder logr√≥ un doctorado en literatura cl√°sica hace varias d√©cadas, pero cambi√≥ de los idiomas humanos antiguos a los lenguajes de programaci√≥n en alg√∫n momento del siglo pasado. Desde 2001 ella ha estado aprendiendo, ense√±ando y usando Python.

Un miembro electo de la Python Software Foundation, Naomi es la ex presidenta de la Junta de Directores. Ella tambi√©n es la cofundadora de Trans*Code, y habla internacionalmente sobre Python, comunidad y inclusi√≥n y diversidad en tech.",Core del lenguaje,AiYPDhIfOo0,https://comunidad.es.python.org/t/una-rebanada-de-python/364/1
15,"static/images/speakers/nilo_ney.png
",static/images/speakers/nilo_ney_social.png,Python Serverless Microservices,Nilo Ney Coutinho Menezes,en,"Microservices and serverless are hot topics in web development communities that when combined increase the potential for developers to make software faster and to host it much cheaper than traditional virtual private servers. This talk aims to present a minimal set of tools to start developing Serverless Microservices using Python. With the serverless framework configured for Python, developing a new microservice API becomes very easy. The framework provides a set of tools to pack Python dependencies and also deploys the required infrastructure to the cloud, enabling infrastructure as code since the start of the project. Although the serverless framework is used during this presentation, no other Python framework is required, making it as easy as possible to start with plain Python code.","I'm a software architect that loves to program in Python and to design new software to run in the cloud. A professional computer programmer since the '90s, I have a BS (Data Processing) and MS (Informatics, computer networks) degrees from the Federal Univerisity of Amazonas (Brazil) and an incomplete PhD at the University of Mons (Belgium). I wrote a book about Python Programming for beginners, published in Portuguese and Spanish. I try to participate in the Brazilian Python community, especially in the North region of Brazil (9 states), trying to spread Python in the Amazon area.",Web,tmXMGRzpHQc ,https://comunidad.es.python.org/t/python-serverless-microservices/370/1